Time,Volume,Close,High,Low,Open
1621008000.0,19799913.532728277,50137.47,51320.57,50101.01,51211.23
1621022400.0,22280506.536377463,49845.28,50293.85,49046.97,50137.48
1621036800.0,23776977.10411776,49628.87,50655.55,49300.01,49845.29
1621051200.0,25470917.050654735,48495.58,49848.48,48433.46,49632.37
1621065600.0,27927975.394074198,48923.51,49256.4,47800.0,48494.8
1621080000.0,20632532.466985196,48982.81,49574.8,48657.81,48923.85
1621094400.0,34176503.711315714,48101.96,48990.01,46903.68,48983.28
1621108800.0,18519422.008295543,46790.72,48727.26,46584.51,48105.26
1621123200.0,18385647.142196506,48377.46,48398.89,46501.16,46791.01
1621137600.0,14788803.646951353,49378.94,49459.02,48048.2,48378.3
1621152000.0,16286186.71044366,49008.14,49777.4,48666.74,49377.87
1621166400.0,15579530.460717361,47721.45,49234.15,47652.43,49009.39
1621180800.0,48478473.952377066,45573.94,48080.79,44444.44,47720.91
1621195200.0,41482085.41845203,46434.14,46491.65,43890.0,45574.0
1621209600.0,35554192.58976646,42907.78,46613.25,42770.0,46434.93
1621224000.0,58112428.336528756,45148.02,45284.18,42166.71,42927.85
1621238400.0,21928766.22620632,45749.01,45789.46,44379.21,45138.94
1621252800.0,21815318.493436795,43371.77,45797.18,43200.0,45748.36
1621267200.0,33508601.853553668,44186.85,44365.0,42101.0,43369.3
1621281600.0,21405440.37328423,43550.75,44913.18,42503.0,44198.94
1621296000.0,20979536.479629606,44779.15,45260.1,43165.38,43547.39
1621310400.0,20069889.359592933,45159.16,45782.63,44744.93,44779.73
1621324800.0,18700500.713399302,45290.43,45636.38,44631.57,45159.24
1621339200.0,38991706.67850795,42975.54,45321.42,42601.03,45295.3
1621353600.0,24746683.381394908,43272.36,43816.27,42400.0,42982.61
1621368000.0,16380922.94031017,42849.89,43521.56,42291.13,43264.0
1621382400.0,45921173.41115333,40585.09,43591.94,40151.51,42854.18
1621396800.0,69736083.70467106,40363.86,40843.15,38558.03,40587.04
1621411200.0,56055393.70480696,38696.67,40793.83,36178.87,40362.57
1621425600.0,162090547.8255688,37230.67,39222.22,29800.0,38719.04
1621440000.0,88491253.42789182,39321.92,40389.28,36072.04,37300.0
1621454400.0,67013411.784818426,36662.15,40101.01,36609.21,39324.29
1621468800.0,63547900.72128499,38322.17,38571.42,34908.82,36669.73
1621483200.0,40527169.42455306,39974.85,40786.23,38181.83,38331.24
1621497600.0,39344007.816805504,40468.08,40667.49,38735.4,39979.57
1621512000.0,54847011.66407896,41429.17,42409.35,40085.29,40468.07
1621526400.0,61676966.05728628,40110.55,41448.33,38115.27,41434.71
1621540800.0,61603235.31114466,40548.02,41871.72,39500.64,40109.21
1621555200.0,64888472.610775225,40659.38,42214.44,40384.96,40519.4
1621569600.0,58276755.918064594,39845.35,40800.0,39213.01,40658.83
1621584000.0,64073890.49538097,41121.87,41192.14,39262.38,39847.09
1621598400.0,122812187.85957731,36736.55,41714.92,36421.05,41129.65
1621612800.0,54263605.14419128,36051.95,37795.07,35500.0,36786.09
1621627200.0,51758572.35166931,37253.6,37434.62,33503.98,36080.6
1621641600.0,29379084.377989594,36947.94,38077.72,36526.73,37279.81
1621656000.0,29175923.8761726,36286.31,37230.75,35212.13,36947.42
1621670400.0,26455245.698999405,38145.13,38800.7,36246.92,36287.64
1621684800.0,25829339.061502565,38136.02,38819.72,37100.0,38145.99
1621699200.0,16620673.642306045,37289.02,38541.64,37192.0,38166.57
1621713600.0,11506250.105317306,37447.7,38351.99,37271.78,37290.0
1621728000.0,12767581.151041714,37422.0,38265.81,36683.64,37450.54
1621742400.0,22383221.724015307,35915.57,37428.8,35538.62,37428.8
1621756800.0,44211190.6848656,35393.93,35928.4,33815.27,35927.87
1621771200.0,52798862.556397036,33311.11,35784.3,32624.19,35404.0
1621785600.0,46138537.32383111,33051.09,33993.69,31101.53,33331.03
1621800000.0,24095382.99104837,34682.58,34984.25,33049.81,33057.5
1621814400.0,25140572.452960595,35235.3,35885.65,34681.2,34689.38
1621828800.0,26038568.084027644,36639.97,36878.43,34384.11,35250.87
1621843200.0,26866571.62835272,37589.17,37892.98,35870.5,36633.0
1621857600.0,28473189.12475583,37536.75,38636.51,37292.35,37587.06
1621872000.0,25761262.433069248,39605.33,39777.93,36838.7,37547.37
1621886400.0,23194521.04169352,38802.02,39900.0,37974.68,39616.82
1621900800.0,21580556.081058487,38309.0,39801.32,37808.1,38806.13
1621915200.0,16427941.196625654,38981.83,39175.7,37629.94,38305.75
1621929600.0,21826692.851886973,36536.95,39088.12,36500.0,38999.55
1621944000.0,39035059.12209951,38268.19,38461.27,36439.5,36542.19
1621958400.0,16312971.465822969,37297.06,38300.65,37118.07,38265.54
1621972800.0,17063373.867910728,38318.9,38717.82,37246.52,37297.06
1621987200.0,23768312.32621199,39511.64,39690.0,37789.53,38320.81
1622001600.0,22302606.154886663,40440.62,40743.57,39001.61,39506.43
1622016000.0,20387256.86943595,39844.57,40841.96,39393.73,40440.49
1622030400.0,27163262.73132923,38756.84,40277.77,38470.65,39838.01
1622044800.0,20932077.077185612,38482.27,39351.3,37906.22,38759.53
1622059200.0,14646834.152970485,39238.98,39431.3,38296.24,38482.64
1622073600.0,19158337.455202542,37622.64,39246.78,37158.01,39243.88
1622088000.0,14084255.189156605,38273.69,38400.0,37218.43,37629.94
1622102400.0,20173642.517496396,39698.43,39848.35,37841.0,38274.16
1622116800.0,26168908.068965573,39660.1,40402.82,39285.71,39687.17
1622131200.0,14380325.944751985,38758.05,39717.41,38523.02,39672.81
1622145600.0,12875678.052748615,38527.72,39163.28,38210.0,38776.67
1622160000.0,14143550.191720858,38249.89,38869.47,37713.07,38514.91
1622174400.0,21336156.537439756,36971.19,38253.01,36451.47,38253.01
1622188800.0,30138348.244419765,35356.71,37263.14,35106.72,36971.19
1622203200.0,20613517.721470192,36745.57,37256.33,35179.65,35355.12
1622217600.0,19840542.856616978,35789.43,36840.36,35559.33,36745.32
1622232000.0,16345623.036275277,35652.84,36240.59,34704.05,35788.19
1622246400.0,13538604.749274977,36464.1,36757.88,35631.79,35663.4
1622260800.0,13477145.444957478,36158.32,37307.68,35615.48,36459.07
1622275200.0,18009421.30858453,35375.12,36341.08,34567.7,36153.15
1622289600.0,20410933.939797334,34413.55,35404.05,33836.61,35382.14
1622304000.0,15336265.402024813,34027.73,35052.84,33647.23,34424.08
1622318400.0,12230033.156141294,34589.46,35074.34,33783.5,34025.49
1622332800.0,13240288.669172492,34775.26,34971.25,33396.84,34602.18
1622347200.0,13338488.1564755,35995.17,36212.66,34644.07,34769.47
1622361600.0,9925146.488417065,36351.49,36407.52,35555.67,35998.65
1622376000.0,10511733.7430328,35474.78,36482.05,35132.78,36359.75
1622390400.0,7600795.919758138,36090.29,36267.13,35306.14,35467.87
1622404800.0,7066944.082292351,35648.14,36324.31,35500.47,36093.86
1622419200.0,13065005.608997237,34487.46,36000.0,34252.0,35648.15
1622433600.0,15424930.269980313,35858.33,35949.42,34156.85,34487.47
1622448000.0,19936991.342513904,36828.94,37186.83,35586.79,35863.96
1622462400.0,17163238.365297124,36963.4,37272.72,36342.45,36828.28
1622476800.0,12728746.258127928,36860.26,37455.12,36516.1,36963.41
1622491200.0,7408483.319325944,37258.41,37494.82,36572.47,36860.75
1622505600.0,11777868.477646055,36708.69,37897.38,36485.88,37260.05
1622520000.0,13262522.53040446,36833.03,37424.21,36560.38,36710.25
1622534400.0,15131638.327491725,36589.98,36929.09,35907.91,36834.68
1622548800.0,20107762.243824445,36226.9,37428.84,35681.81,36596.99
1622563200.0,8673555.545236107,35974.08,36485.87,35730.38,36228.87
1622577600.0,8316004.497866969,36698.52,36796.59,35876.46,35974.57
1622592000.0,8676378.738782613,36473.94,36892.87,35924.04,36698.54
1622606400.0,11450719.222873254,37216.39,37406.47,36472.26,36473.01
1622620800.0,11077181.718641922,37201.36,37535.43,36860.75,37221.12
1622635200.0,16524708.736385478,38035.11,38216.21,37072.98,37204.18
1622649600.0,9370279.257771775,37875.6,38198.13,37743.95,38039.82
1622664000.0,9576502.118239146,37575.07,37983.69,37336.72,37879.55
1622678400.0,9628687.505964322,37630.03,37900.0,37179.48,37566.7
1622692800.0,14081611.731223376,38631.96,39048.87,37594.99,37630.53
1622707200.0,15077580.774174424,38779.65,39469.32,38530.63,38633.85
1622721600.0,14508366.594043572,38523.45,39264.44,38333.34,38781.39
1622736000.0,7695507.379445742,38599.0,38983.13,38433.13,38525.93
1622750400.0,7839402.7766939,39245.3,39245.78,38527.33,38597.43
1622764800.0,16584770.365324493,37935.52,39281.87,37372.98,39245.81
1622779200.0,17815679.111817382,36607.68,37938.41,36275.688,37937.04
1622793600.0,11212565.02231369,36585.91,37024.41,36216.3281,36611.21
1622808000.0,18651959.31211436,36950.27,37126.66,35572.47,36584.9
1622822400.0,6411246.234153427,36794.37,37233.3,36733.66,36949.91
1622836800.0,5984923.473569946,36827.08,37241.36,36470.47,36793.2
1622851200.0,8106606.502217764,37409.99,37839.81,36623.62,36825.89
1622865600.0,7003303.870768945,37581.15,37902.09,37409.99,37409.99
1622880000.0,16902248.075869106,35866.32,37849.04,35667.73,37581.17
1622894400.0,17133425.973029964,36328.65,36432.15,35256.23,35867.07
1622908800.0,6426419.709385164,35771.8,36332.27,35710.91,36327.79
1622923200.0,11922646.761177704,35512.98,36006.83,34809.83,35781.6
1622937600.0,9312358.839180576,35992.82,36252.32,35419.37,35514.53
1622952000.0,6489257.830046555,36135.88,36460.0,35722.53,35991.78
1622966400.0,7264634.070567305,35869.78,36407.9,35813.95,36131.43
1622980800.0,8856392.054437913,36159.86,36427.3,35456.11,35869.79
1622995200.0,5723805.476955914,35749.38,36318.66,35710.66,36155.04
1623009600.0,7289651.240028414,35799.37,35985.78,35227.53,35750.92
1623024000.0,10662541.084691396,36382.11,36797.37,35514.33,35800.48
1623038400.0,6658975.693123013,36139.73,36536.03,35862.65,36381.99
1623052800.0,7438005.176025167,36379.5,36591.83,35904.41,36140.55
1623067200.0,9256550.394959858,36036.15,36766.25,35866.67,36379.28
1623081600.0,9103609.986022355,35638.43,36080.31,35339.9,36036.26
1623096000.0,20570440.35289449,33577.47,35738.31,33318.0,35633.29
1623110400.0,23599138.98706252,32814.02,34059.39,32350.48,33570.71
1623124800.0,15852692.712378008,32954.0,33235.92,32147.95,32817.98
1623139200.0,13439885.273139767,33084.4,33346.92,32670.27,32964.58
1623153600.0,21838524.93890002,31721.93,33169.3,31005.02,33084.44
1623168000.0,15341874.732328594,32860.85,32995.33,31567.42,31708.92
1623182400.0,12163461.26999107,33379.29,33841.77,32677.21,32863.31
1623196800.0,11314865.83969458,32865.07,33546.09,32336.91,33380.08
1623211200.0,18478028.102759555,34162.76,34500.0,32538.49,32866.01
1623225600.0,17288361.978850625,34965.64,35020.2,33808.99,34170.62
1623240000.0,32521756.72741332,36363.12,36682.16,34586.82,34968.36
1623254400.0,23481561.185121,36257.63,36936.7,35651.18,36363.71
1623268800.0,14540876.288300885,37390.2,37518.0,36119.1,36257.89
1623283200.0,14464222.293324627,36960.35,37644.63,36752.9,37399.78
1623297600.0,10569597.3080496,36968.13,37215.08,36533.18,36961.93
1623312000.0,27625015.51508795,37822.73,38452.38,36247.24,36968.14
1623326400.0,21012728.703114193,36896.29,38194.19,36623.53,37824.03
1623340800.0,13050948.22213322,36672.21,37135.67,36151.24,36896.99
1623355200.0,13720587.68316066,36676.8,37076.28,35800.0,36676.77
1623369600.0,12608796.944392245,36759.72,37249.99,35947.37,36682.37
1623384000.0,13592045.703890963,37141.64,37399.27,36403.06,36759.73
1623398400.0,14614576.683296718,37370.48,37673.94,36927.55,37168.66
1623412800.0,10361857.681629017,36818.96,37582.89,36755.04,37370.48
1623427200.0,11192097.77790785,37237.85,37396.57,36530.07,36817.03
1623441600.0,11062555.118014868,37328.01,37489.0,36787.25,37236.32
1623456000.0,16536470.652835459,35578.72,37450.0,35288.13,37321.46
1623470400.0,11541867.810179332,35290.66,35723.02,35010.0,35574.71
1623484800.0,16565742.961380215,35591.2,35876.9,34626.08,35294.3
1623499200.0,12742760.387991488,35391.74,36215.34,35339.89,35591.21
1623513600.0,8176194.633809824,35725.86,35996.96,35283.38,35391.75
1623528000.0,6527903.680215798,35543.84,36142.9,35428.01,35727.44
1623542400.0,9899174.380123243,34880.0,35902.25,34833.48,35547.19
1623556800.0,8585334.51840191,35286.45,35489.79,34780.0,34880.01
1623571200.0,8385162.276697463,35906.39,36094.0,35183.68,35284.04
1623585600.0,9261430.056068935,36035.22,36144.63,35675.5,35902.58
1623600000.0,23089546.809135027,37645.1,37734.48,35964.5,36035.67
1623614400.0,27612939.10012957,39000.98,39350.85,37621.18,37645.1
1623628800.0,18909827.883368477,38975.6,39795.87,38743.43,39002.24
1623643200.0,14359760.154356375,39546.62,39688.0,38794.53,38976.07
1623657600.0,12703621.028910814,39164.66,39626.0,38885.84,39546.68
1623672000.0,30558533.72617408,40682.63,41021.97,39046.45,39164.53
1623686400.0,13868636.486316426,39717.38,40742.47,39336.93,40682.64
1623700800.0,12152017.95888979,40527.84,40593.02,39613.44,39721.42
1623715200.0,11663873.651755925,40398.61,40851.65,39867.43,40529.09
1623729600.0,9374960.29759174,40367.06,40571.42,40095.33,40398.54
1623744000.0,14387238.471060572,39832.36,40398.87,39553.72,40368.89
1623758400.0,12466810.854089845,40066.31,40454.75,39724.94,39832.28
1623772800.0,17566080.584929243,39962.1,41321.82,39792.13,40066.32
1623787200.0,8617928.25795656,40146.88,40361.13,39530.0,39959.13
1623801600.0,8730432.553869024,40014.34,40172.41,39619.42,40144.73
1623816000.0,13360432.664824331,40128.13,40500.0,39846.22,40014.35
1623830400.0,17183650.317599066,39080.19,40254.7,38900.0,40128.81
1623844800.0,14153669.139968676,38780.38,39502.1,38574.43,39080.94
1623859200.0,17975816.367909636,38684.26,39700.0,38303.92,38780.37
1623873600.0,9147199.278563244,38359.94,38926.04,38131.0,38683.32
1623888000.0,9902994.146092555,38869.36,38974.21,38220.18,38360.0
1623902400.0,11203693.680096477,39218.65,39400.0,38658.53,38873.99
1623916800.0,11754863.022957021,39153.08,39559.32,39073.56,39216.32
1623931200.0,11308957.654125439,39006.18,39196.34,38429.99,39153.09
1623945600.0,18286655.497334093,37706.66,39105.74,37527.49,39005.5
1623960000.0,10181005.392472161,38094.23,38207.65,37369.43,37701.63
1623974400.0,10902272.33161433,37929.02,38199.99,37220.35,38102.41
1623988800.0,8691055.583189154,37705.85,38128.05,37389.83,37927.13
1624003200.0,11981006.273125935,37804.18,38008.48,37063.58,37711.97
1624017600.0,17769517.326711994,36353.93,37933.65,36314.0,37810.0
1624032000.0,18485127.357341446,35327.11,36732.03,35139.76,36352.89
1624046400.0,9469561.941033727,35825.6,35926.64,35241.29,35327.03
1624060800.0,12449765.071974212,35103.12,36294.11,34803.81,35825.35
1624075200.0,9957109.98876662,35782.27,35858.58,34962.5,35104.46
1624089600.0,7531589.940244132,35927.92,35985.56,35565.21,35782.31
1624104000.0,11523011.983387701,36108.6,36442.57,35558.16,35933.02
1624118400.0,7887914.526914265,35948.28,36194.46,35367.36,36107.03
1624132800.0,6512329.278721303,35489.6,36193.99,35395.71,35950.47
1624147200.0,7419065.654412702,35526.75,35790.99,35127.07,35482.04
1624161600.0,7275381.636697148,35633.76,35919.98,35370.0,35526.76
1624176000.0,15560737.230267297,33873.98,35670.88,33727.81,35632.74
1624190400.0,14957066.31699824,34418.3,34658.0,33338.01,33870.41
1624204800.0,9332783.663012931,35504.52,35673.45,34291.08,34419.61
1624219200.0,9653953.877002472,35586.42,36134.22,35383.68,35504.52
1624233600.0,9445401.564358622,34654.92,35742.12,34615.56,35600.26
1624248000.0,28516104.083226047,33020.31,34720.08,32268.76,34654.93
1624262400.0,35859081.12985254,32525.39,33545.24,31715.64,33020.32
1624276800.0,16792814.123515636,32684.71,33209.71,31934.22,32525.4
1624291200.0,12559156.266135897,32564.38,32975.34,32035.76,32686.19
1624305600.0,16468806.984030822,31619.39,32793.78,31250.06,32564.03
1624320000.0,19704103.67885239,33018.04,33247.05,31167.32,31614.47
1624334400.0,8613972.095118029,32647.6,33105.81,32486.76,33018.04
1624348800.0,20930024.660701998,31227.7,32656.99,31126.31,32648.61
1624363200.0,50686378.0868936,31697.43,31969.69,28810.34,31243.41
1624377600.0,25102498.479317937,32406.77,33289.1,31634.53,31712.44
1624392000.0,10683029.065223323,32503.78,32968.75,32152.96,32406.78
1624406400.0,29909439.363079995,33966.09,34384.42,31698.02,32503.78
1624420800.0,11074447.597614773,33971.99,34371.82,33600.0,33966.85
1624435200.0,14353031.799448632,33909.88,34493.49,33661.01,33980.87
1624449600.0,17472138.404607978,33494.34,34833.32,33414.85,33913.79
1624464000.0,10041905.186748996,32876.74,33945.74,32876.74,33494.36
1624478400.0,8439608.880662516,33673.74,33739.83,32752.03,32877.56
1624492800.0,18041490.82746954,32588.02,33848.69,32343.45,33677.25
1624507200.0,8892203.266128387,32844.62,33260.1,32308.4,32588.12
1624521600.0,7543159.089303912,33846.14,33898.73,32823.85,32843.37
1624536000.0,11926818.038322665,33903.03,34570.05,33748.24,33847.36
1624550400.0,9276430.2959107,34838.33,35294.65,33779.22,33897.67
1624564800.0,4666858.461755112,34656.6,34981.0,34515.64,34849.86
1624579200.0,8031293.9698575875,35053.82,35489.23,34255.97,34660.33
1624593600.0,7256504.6496303575,34271.76,35087.74,33966.11,35053.82
1624608000.0,12572967.7127378,33305.3,34468.99,33250.0,34276.55
1624622400.0,13862564.161833566,32606.99,33568.51,32366.33,33305.33
1624636800.0,16891707.669835683,32220.17,32895.21,31500.95,32608.96
1624651200.0,11296375.367168035,31586.44,32364.88,31288.15,32219.03
1624665600.0,10049368.281180598,31972.08,32265.29,31320.36,31584.28
1624680000.0,14326386.839484125,30713.96,32721.59,30647.65,31978.0
1624694400.0,17446478.697301205,31777.0,31888.16,30152.99,30716.28
1624708800.0,12685279.384125743,31529.54,31978.83,30506.2,31779.46
1624723200.0,7477213.371248376,31576.79,31908.89,30781.93,31530.26
1624737600.0,6072334.996869836,32285.03,32290.62,30916.67,31576.84
1624752000.0,12325775.18759956,33149.58,33195.84,31997.93,32282.14
1624766400.0,8380618.974008345,33285.13,33470.14,32824.06,33146.79
1624780800.0,11871162.910849888,33244.8,33439.09,32361.68,33283.82
1624795200.0,8288228.447887834,33196.6,33563.33,32714.1,33246.53
1624809600.0,6514623.326807691,32815.1,33392.4,32583.34,33197.12
1624824000.0,14364160.267609159,34703.34,34775.54,32406.41,32815.08
1624838400.0,7585358.018094065,34385.56,34977.34,34257.01,34703.38
1624852800.0,11256193.99778871,35033.71,35288.13,34275.84,34389.39
1624867200.0,21535467.29615907,34106.2,35157.94,33955.12,35033.66
1624881600.0,13840651.09419666,34970.42,34970.42,33865.1,34105.07
1624896000.0,9034949.771977047,34440.87,35022.93,33969.69,34971.25
1624910400.0,5445188.388556595,34487.48,34816.93,34125.23,34441.51
1624924800.0,7955605.538468312,34580.09,35164.55,34230.4,34487.52
1624939200.0,11496247.301629651,34848.85,35443.59,34541.08,34579.87
1624953600.0,16093768.074682567,35562.77,35748.819,34735.95,34847.81
1624968000.0,12307313.60865101,36243.9,36422.84,35351.36,35562.78
1624982400.0,7408714.376769051,36390.86,36589.65,36051.78,36243.9
1624996800.0,10872262.744571093,35902.08,36508.47,35733.57,36382.18
1625011200.0,13394727.500229169,35110.53,36088.11,34948.54,35898.67
1625025600.0,12877827.388186347,35247.16,35277.26,34672.84,35110.82
1625040000.0,8104745.118336583,34845.6,35327.98,34425.46,35247.21
1625054400.0,6673378.881462877,34193.98,35008.8,34096.4,34853.88
1625068800.0,5702310.566860814,34755.78,34895.05,34048.01,34190.83
1625083200.0,7512580.9484924665,35049.64,35204.08,34400.0,34750.69
1625097600.0,7844371.576864717,34125.07,35060.53,34125.07,35050.45
1625112000.0,9261691.028340777,33349.3,34461.19,33322.12,34125.08
1625126400.0,7637356.525892325,33722.55,33743.31,33013.05,33352.3
1625140800.0,6977509.573641622,33435.54,33844.77,33065.31,33716.93
1625155200.0,7324687.429902584,33094.29,33643.1,32717.17,33436.14
1625169600.0,4557297.188773066,33507.45,33658.52,33093.86,33093.86
1625184000.0,6404907.070164976,32915.44,33969.83,32780.28,33507.4
1625198400.0,5618533.896953258,33359.73,33500.0,32708.33,32915.08
1625212800.0,6224835.459197765,33023.44,33611.1,32773.56,33356.32
1625227200.0,6682738.6119733695,33706.68,33715.58,32880.35,33023.31
1625241600.0,5107888.0912895715,33321.11,33784.09,33117.97,33707.54
1625256000.0,3778840.092981668,33783.23,33888.43,33051.9,33327.86
1625270400.0,3478763.4300799044,33523.62,33901.74,33327.25,33784.15
1625284800.0,5576454.06018545,34499.31,34649.25,33451.65,33523.63
1625299200.0,5153377.741917286,34603.68,34765.08,34404.32,34499.31
1625313600.0,3606237.8913064734,34606.64,34802.85,34478.21,34603.68
1625328000.0,3909091.6936348886,34742.06,34942.15,34487.59,34607.16
1625342400.0,4404435.975361149,34670.34,34911.39,34263.33,34746.47
1625356800.0,3443075.7590809828,34644.45,34762.7,34374.05,34669.91
1625371200.0,7217046.520133659,35590.96,35686.01,34623.94,34645.3
1625385600.0,6526514.665771297,35515.1,35673.21,35369.9,35594.14
1625400000.0,4032085.701997116,35512.78,35554.93,35229.13,35513.89
1625414400.0,3874689.3105989094,35577.47,35675.48,35388.06,35516.41
1625428800.0,4255051.6968140835,35283.36,35962.71,35222.23,35576.93
1625443200.0,8170461.10594033,34351.3,35288.36,34197.99,35286.98
1625457600.0,6308606.073443657,34250.04,34408.15,34032.19,34351.66
1625472000.0,9211415.888743281,33378.2,34545.45,33325.74,34250.06
1625486400.0,5782465.635417534,33588.39,33767.11,33310.14,33378.2
1625500800.0,7026642.697836468,34117.52,34267.45,33139.24,33588.6
1625515200.0,4717744.050077781,33689.47,34203.67,33680.28,34117.55
1625529600.0,4191692.306150516,33920.2,34158.76,33645.56,33688.45
1625544000.0,8334753.00616706,34867.45,34954.31,33915.48,33919.7
1625558400.0,9725797.668786397,34068.34,35098.84,33740.72,34869.42
1625572800.0,8423523.5999884,34029.63,34499.99,33807.33,34068.41
1625587200.0,6058306.238959329,34017.73,34178.36,33519.59,34031.81
1625601600.0,3718547.018824577,34225.47,34323.07,33626.63,34017.94
1625616000.0,7036052.69267044,34450.54,34536.38,33950.0,34224.35
1625630400.0,6380074.387715825,34711.55,34907.41,34375.99,34450.86
1625644800.0,5618035.362039235,34829.7,34974.47,34464.54,34711.61
1625659200.0,11825205.672596594,34525.63,35057.28,34482.01,34830.13
1625673600.0,3381386.101702552,34626.07,34779.23,34413.79,34526.51
1625688000.0,5718202.208364441,33866.95,34627.15,33788.0,34626.08
1625702400.0,8284132.951689745,33312.92,33923.25,33076.92,33868.33
1625716800.0,9747585.74826118,32500.97,33489.29,32255.95,33312.83
1625731200.0,7985244.182255323,32694.03,32748.57,32100.0,32488.53
1625745600.0,5947910.150932609,32898.39,32974.76,32355.14,32694.33
1625760000.0,4568890.376216177,32992.03,33181.09,32644.07,32897.18
1625774400.0,3568970.98515369,32869.89,33064.11,32509.3,33000.11
1625788800.0,5493683.064041369,32941.81,33093.66,32273.62,32874.68
1625803200.0,4450819.301644372,32904.56,33301.68,32756.46,32941.43
1625817600.0,5120509.007854542,32771.64,33061.52,32619.01,32905.32
1625832000.0,6440825.1244948115,33559.35,33675.31,32642.01,32771.64
1625846400.0,2941063.7752258177,33446.04,33693.87,33292.69,33558.7
1625860800.0,4356197.567625173,33817.93,34088.88,33380.95,33447.67
1625875200.0,3978369.140124435,33799.18,34250.0,33645.56,33817.96
1625889600.0,3116375.5568538485,33765.31,33898.73,33471.43,33799.99
1625904000.0,3063429.298714236,33788.46,33938.93,33571.54,33765.64
1625918400.0,2758334.552764173,33864.3,33936.59,33643.4,33788.64
1625932800.0,4581984.871569375,33409.9,34180.0,33232.75,33862.61
1625947200.0,2857398.4668428004,33507.83,33687.5,33031.75,33411.81
1625961600.0,2647014.20683286,33447.64,33804.79,33395.51,33508.25
1625976000.0,2707566.605833802,33508.38,33635.24,33311.73,33447.65
1625990400.0,2761323.453510546,33813.57,33856.4,33427.67,33510.94
1626004800.0,3134451.148813573,33951.87,33990.81,33661.02,33813.51
1626019200.0,2888955.754275233,33895.02,34108.69,33784.09,33954.19
1626033600.0,5486762.959008717,34256.17,34600.0,33721.77,33895.75
1626048000.0,3968619.8792911116,34447.16,34521.7,34048.16,34258.67
1626062400.0,3644042.023231782,34280.86,34664.83,34170.86,34447.16
1626076800.0,5312881.528428143,33536.58,34462.05,33536.58,34281.05
1626091200.0,3533798.89424388,33344.82,33628.22,33333.33,33535.583137
1626105600.0,5326356.026241437,32826.92,33443.28,32774.94,33343.78
1626120000.0,3877630.573870127,33094.47,33283.19,32662.75,32824.41
1626134400.0,3468935.8973492715,33077.36,33228.57,32840.48,33094.48
1626148800.0,3920188.900945474,33182.59,33332.12,32748.93,33076.72
1626163200.0,3027550.2528776214,33041.49,33333.33,32929.72,33184.47
1626177600.0,6125874.666133231,32795.04,33046.18,32294.0,33046.18
1626192000.0,3789269.011026641,32311.62,32945.85,32252.74,32796.26
1626206400.0,3066005.6037623268,32726.23,32749.01,32214.56,32314.09
1626220800.0,6662871.907211192,31827.96,32806.43,31653.56,32733.89
1626235200.0,3938069.5343146743,31920.97,32005.57,31666.68,31833.3
1626249600.0,6737925.004869701,32452.02,32669.7,31591.18,31925.07
1626264000.0,5570532.098333227,32778.61,32953.99,32289.43,32452.23
1626278400.0,3521159.6322009447,32726.13,33097.86,32581.28,32784.43
1626292800.0,2812049.531621353,32816.38,33055.22,32685.76,32732.18
1626307200.0,3647815.2889452926,32641.99,33178.11,32640.45,32819.98
1626321600.0,3715909.7279260005,32470.68,32687.92,32368.79,32642.69
1626336000.0,5574746.0226344485,31892.32,32609.47,31800.0,32473.22
1626350400.0,7536591.641913902,31682.27,32142.85,31469.38,31885.62
1626364800.0,6604153.883501972,31530.53,31780.09,31144.07,31682.28
1626379200.0,3396519.8573416746,31874.05,31891.53,31511.99,31537.79
1626393600.0,3745621.9680430093,31914.6,32035.97,31562.69,31874.04
1626408000.0,3671201.151746559,31781.84,32019.71,31553.02,31916.44
1626422400.0,7278483.345809023,31092.77,31787.0,31020.41,31782.22
1626436800.0,6567629.674190235,32132.79,32189.63,31073.79,31089.78
1626451200.0,4419780.184913095,31913.49,32240.06,31816.7,32133.53
1626465600.0,3262388.548664004,31386.09,31982.37,31343.36,31912.65
1626480000.0,4978985.155043621,31308.96,31636.36,31173.11,31386.88
1626494400.0,2757396.615229129,31514.81,31584.27,31200.01,31312.86
1626508800.0,4417371.297231981,31395.45,31951.2,31253.71,31515.0
1626523200.0,3844376.597953375,31763.89,31767.66,31347.23,31394.82
1626537600.0,3206312.344754456,31837.81,31919.2,31538.47,31763.35
1626552000.0,2373273.1897128974,31519.85,31898.39,31496.94,31839.48
1626566400.0,6171680.1073105,32166.23,32435.28,31469.38,31523.45
1626580800.0,3660073.7311716876,31714.74,32188.04,31690.22,32166.24
1626595200.0,2888112.5470498046,31801.07,31858.77,31575.46,31715.2
1626609600.0,4347036.86627491,31371.01,31847.13,31117.31,31801.55
1626624000.0,2568868.765219082,31639.68,31762.55,31300.0,31373.51
1626638400.0,3083614.979325561,31778.38,31918.36,31437.87,31643.96
1626652800.0,2952834.9247855465,31538.58,31844.99,31446.24,31778.75
1626667200.0,2792949.2848603833,31605.07,31893.93,31520.79,31540.01
1626681600.0,4287092.999874429,31269.65,31664.71,31175.01,31605.75
1626696000.0,14553962.984595671,30690.79,31367.99,30431.87,31268.98
1626710400.0,3221069.853556691,30741.33,30852.45,30541.68,30691.04
1626724800.0,2549512.210630482,30836.65,30977.52,30695.2,30748.7
1626739200.0,8399154.769071324,29600.5,31058.22,29500.69,30839.99
1626753600.0,4369428.9994743345,29820.95,29924.22,29510.49,29604.46
1626768000.0,5255010.5480728205,29693.97,29885.99,29300.0,29820.93
1626782400.0,5511743.890634888,29888.28,29985.04,29285.71,29696.29
1626796800.0,3149955.5052958536,29784.73,29985.0,29605.63,29892.23
1626811200.0,2846017.0433715787,29786.9,29982.31,29500.0,29784.83
1626825600.0,3168169.1335439556,29837.31,29902.65,29494.8,29791.78
1626840000.0,6659983.251598143,30814.66,30932.83,29830.28,29841.73
1626854400.0,6159616.791373143,31535.13,31641.8,30722.73,30817.36
1626868800.0,5476130.359924221,31927.56,31963.52,31434.03,31531.84
1626883200.0,11816649.583695533,31627.91,32800.0,31609.53,31930.71
1626897600.0,4518909.798341252,32134.25,32236.41,31511.56,31630.05
1626912000.0,3474194.4601484197,31923.05,32368.75,31788.26,32136.38
1626926400.0,3426021.5424745856,32127.99,32300.0,31857.83,31923.06
1626940800.0,3995090.412951422,31908.63,32245.35,31718.58,32128.01
1626955200.0,5456194.53860902,32496.09,32567.35,31727.17,31908.54
1626969600.0,2880003.289049392,32372.84,32575.31,32224.5,32498.28
1626984000.0,2162487.5296992175,32284.65,32471.14,32060.61,32369.93
1626998400.0,4724223.354416437,32591.49,32797.23,32204.65,32284.7
1627012800.0,3379478.092840995,32474.9,32878.78,32363.09,32592.05
1627027200.0,3214064.7399418573,32296.12,32524.6,32214.57,32480.0
1627041600.0,2335157.9249525424,32310.14,32589.65,32237.28,32295.95
1627056000.0,2871378.64430689,32251.46,32332.72,31991.97,32313.47
1627070400.0,5943530.077401869,33621.31,33635.17,32194.66,32245.53
1627084800.0,3907086.530917165,33661.91,33766.92,33403.78,33626.33
1627099200.0,3642429.2808117075,33809.68,33915.41,33565.39,33663.23
1627113600.0,3245471.155311769,33864.36,34034.85,33549.2,33809.21
1627128000.0,3000839.548891716,33857.36,34043.6,33726.89,33865.82
1627142400.0,5373394.652011923,33847.37,34488.25,33728.34,33848.03
1627156800.0,2706640.3944218913,34244.98,34270.15,33676.32,33846.61
1627171200.0,3004357.7564630928,34156.76,34426.04,33857.14,34255.62
1627185600.0,3752114.087980097,34695.17,34778.54,34077.77,34160.18
1627200000.0,3323737.402662549,34381.44,34792.85,34275.83,34695.95
1627214400.0,4086342.6845279164,34166.02,34413.04,33867.49,34389.06
1627228800.0,3654146.335867383,34352.74,34580.63,34091.88,34166.45
1627243200.0,4061969.2780300006,35381.56,35391.61,34303.71,34353.39
1627257600.0,31128136.993389565,38274.46,39714.05,35216.46,35378.12
1627272000.0,11840155.542739883,38146.55,39222.84,37800.12,38274.43
1627286400.0,6687311.552487004,38464.86,38715.93,37682.07,38150.26
1627300800.0,7252336.92582474,38568.16,38867.91,37920.07,38464.86
1627315200.0,12368389.18900367,39352.88,40540.39,38506.15,38564.08
1627329600.0,22766849.26610229,37232.82,39495.41,36776.33,39355.37
1627344000.0,8570403.824802227,36814.72,37505.03,36393.57,37237.53
1627358400.0,5808296.984933148,37115.58,37317.06,36685.4,36814.72
1627372800.0,6555305.736163599,38060.82,38060.87,36970.91,37114.88
1627387200.0,9552483.518260757,38198.48,38765.4,37726.51,38060.87
1627401600.0,5758291.987843378,37785.55,38301.57,37361.24,38199.94
1627416000.0,7740132.229139122,39460.63,39520.1,37803.23,37803.56
1627430400.0,10510196.211282128,39815.41,40336.73,38912.95,39455.32
1627444800.0,8226968.376372519,39886.93,40179.13,39266.05,39812.71
1627459200.0,12869322.172217984,40741.04,40883.67,39372.73,39890.67
1627473600.0,12720959.21778239,39686.94,40849.19,39356.48,40741.27
1627488000.0,13886234.863294976,40382.5,40662.5,38791.78,39686.94
1627502400.0,6057305.315821836,40019.08,40395.18,39598.06,40395.18
1627516800.0,5569487.590860488,39614.47,40271.41,39254.73,40022.34
1627531200.0,7228192.597262408,39929.21,40244.68,39497.16,39616.17
1627545600.0,14678090.391020516,39768.93,40631.4,39516.82,39929.21
1627560000.0,14447763.67160072,39941.05,40137.86,39463.63,39771.93
1627574400.0,12150882.379353877,39668.97,40166.42,39393.73,39943.73
1627588800.0,19416202.19626527,40021.6,40400.0,39500.0,39668.16
1627603200.0,5029429.396873919,39960.69,40242.57,39767.64,40021.6
1627617600.0,4135862.135303029,39724.03,40032.9,39596.48,39962.09
1627632000.0,10290342.550564308,38659.75,39760.4,38331.39,39724.03
1627646400.0,4702328.524259316,39072.59,39146.33,38580.0,38657.27
1627660800.0,7413614.538473431,39811.18,39811.18,38873.25,39072.62
1627675200.0,20163236.297670312,42211.22,42298.25,39714.05,39811.18
1627689600.0,8692365.237345329,41806.73,42396.0,41636.93,42201.75
1627704000.0,7268785.839672019,41537.16,41871.21,41200.0,41808.54
1627718400.0,6242623.642355185,41589.85,41963.63,41343.3,41539.54
1627732800.0,5299911.822149457,41541.81,41711.33,41076.36,41590.96
1627747200.0,3739144.644058022,41307.2,41604.44,41044.56,41542.21
1627761600.0,6266932.870589305,41468.62,41987.14,41142.88,41307.21
1627776000.0,7628549.373839362,42421.28,42575.74,41128.21,41473.32
1627790400.0,6687153.904506135,41691.85,42437.13,41593.16,42435.5
1627804800.0,5357793.462301365,41585.88,41943.03,41330.7,41705.14
1627819200.0,5846418.840488161,41283.56,41799.01,41163.63,41591.89
1627833600.0,9024761.868799,41258.46,41484.25,40608.0,41284.8
1627848000.0,12218942.649929153,39850.71,41497.3,39420.27,41258.46
1627862400.0,8073459.807728132,39792.59,40100.0,39247.7,39854.71
1627876800.0,6197768.0093544,40101.55,40447.09,39597.98,39793.44
1627891200.0,7096747.567268047,39540.67,40163.51,39322.03,40106.7
1627905600.0,7238102.020646917,39709.02,39811.63,38930.0,39541.37
1627920000.0,5675287.430627324,39175.55,39963.63,39008.44,39709.03
1627934400.0,5955748.642369475,39152.06,39530.0,38698.05,39175.56
1627948800.0,6796811.46421731,38657.24,39771.42,38520.0,39152.93
1627963200.0,8147187.410339075,38594.32,38827.2,37968.08,38657.95
1627977600.0,4572999.665527903,38486.66,38799.4,38326.53,38594.95
1627992000.0,9412422.782552298,38169.2,38695.11,37713.04,38487.97
1628006400.0,6210302.000039943,38014.29,38519.92,37641.26,38169.22
1628020800.0,4309089.092895488,38201.7,38631.01,37884.6,38013.16
1628035200.0,3529944.0923793055,37975.75,38559.32,37902.57,38202.46
1628049600.0,4739322.494389367,37823.98,38211.88,37687.4,37977.15
1628064000.0,4323436.34586945,38165.76,38255.02,37515.38,37823.99
1628078400.0,10009511.25285266,39305.66,39466.19,38157.11,38169.01
1628092800.0,5548536.502847229,39750.62,39838.45,39245.81,39305.67
1628107200.0,4437353.859811746,39723.82,39958.63,39538.12,39753.42
1628121600.0,4208917.945484742,39432.75,39836.26,39176.47,39723.52
1628136000.0,4209477.660254919,38868.42,39520.09,38724.5,39432.82
1628150400.0,7206724.833772265,38010.93,38948.65,37845.4,38870.16
1628164800.0,13828292.873923728,38749.85,39366.27,37331.67,38013.82
1628179200.0,13958332.627392683,40698.4,41344.99,38737.12,38750.47
1628193600.0,5925537.51197966,40861.04,41278.13,40680.01,40701.78
1628208000.0,6686138.982457788,40222.01,41013.09,39918.72,40865.54
1628222400.0,7418038.05751881,40729.34,41183.67,39882.35,40224.2
1628236800.0,5825070.086334651,40519.28,41110.23,40402.35,40727.21
1628251200.0,11063290.86405966,42198.67,42424.24,40302.87,40511.81
1628265600.0,13481243.356563628,42903.27,43375.0,42198.67,42207.9
1628280000.0,4249827.190609683,42838.86,42956.38,42405.67,42907.1
1628294400.0,8748059.43085091,43690.69,43758.62,42588.47,42842.0
1628308800.0,7908251.812493978,43210.38,43919.58,43055.01,43687.4
1628323200.0,8041035.180804758,43803.55,43976.03,43119.27,43216.67
1628337600.0,12053298.60069977,43382.34,44550.0,43093.85,43803.17
1628352000.0,12166270.813038934,43949.63,44053.04,42461.02,43382.35
1628366400.0,10374410.174726795,44576.16,44692.39,43496.19,43943.46
1628380800.0,11666107.099276187,44329.28,44775.51,43787.61,44584.52
1628395200.0,10150519.9124945,44808.69,45304.5,44165.12,44329.67
1628409600.0,10929093.745724004,44439.87,45013.87,44093.18,44814.1
1628424000.0,11782217.270882653,43984.7,45180.25,43750.0,44440.93
1628438400.0,8915162.317933599,43723.99,44371.36,43274.7,43989.85
1628452800.0,7805360.263364005,43813.68,44571.1,43550.57,43724.0
1628467200.0,11212090.611054623,43495.0,43954.78,42797.41,43795.28
1628481600.0,4346194.652064358,43807.85,43830.5,43252.46,43500.35
1628496000.0,14693669.914425626,45929.02,46030.0,43597.95,43799.6
1628510400.0,10505975.485402407,45863.24,46252.37,45273.96,45926.91
1628524800.0,6048509.474948373,45978.49,46447.53,45692.3,45870.59
1628539200.0,7715449.9231023835,46263.13,46408.55,44889.99,45974.94
1628553600.0,4301729.9005295895,45709.07,46698.27,45644.06,46254.78
1628568000.0,9069289.314733393,45945.9,46020.39,45306.12,45709.69
1628582400.0,6959798.46451587,45349.59,46158.09,45200.0,45945.9
1628596800.0,7146607.366341565,45152.22,46084.77,44880.0,45344.09
1628611200.0,4521831.035385813,45490.69,45559.67,44628.47,45166.89
1628625600.0,3112909.3350861436,45581.51,45915.05,45230.75,45490.69
1628640000.0,4044802.4041061574,45578.87,45973.15,45346.93,45584.76
1628654400.0,5255166.22689412,46339.81,46427.96,45453.28,45586.34
1628668800.0,4755181.123791404,45914.11,46559.12,45859.08,46353.72
1628683200.0,8722893.303743187,46442.48,46734.69,45811.89,45921.51
1628697600.0,4956897.084411805,46441.45,46584.25,46206.12,46442.65
1628712000.0,7691219.138454072,45529.03,46666.66,45525.42,46446.52
1628726400.0,6455492.761914618,45925.6,46208.55,45401.26,45524.64
1628740800.0,9810852.493233474,45242.47,46003.86,44838.72,45925.66
1628755200.0,8838974.425289704,44755.95,45640.87,44640.0,45240.63
1628769600.0,7368874.86995592,44191.8,44931.45,43924.74,44754.98
1628784000.0,4551979.412069019,44374.24,44500.0,43779.2,44198.41
1628798400.0,3662258.5692198505,44406.77,44542.99,43870.0,44379.05
1628812800.0,5299191.292753716,45166.4,45375.07,44232.92,44409.12
1628827200.0,8664438.558742506,46097.75,46329.3,44920.0,45166.4
1628841600.0,10628344.775275705,46138.26,46540.0,45962.93,46096.3
1628856000.0,9302543.639170108,46380.82,46663.36,46124.16,46145.54
1628870400.0,5466200.64253123,46458.1,46622.1,46229.23,46363.66
1628884800.0,12585148.79259208,47801.17,47877.27,46392.8,46455.44
1628899200.0,6615655.55264983,47532.61,47824.03,47388.02,47797.43
1628913600.0,3924971.759737936,47606.62,47705.78,47432.26,47534.56
1628928000.0,16929765.840961006,46551.39,48151.51,45999.71,47607.32
1628942400.0,7020516.084610746,46936.13,46936.23,46135.69,46551.72
1628956800.0,6331065.095374381,47039.11,47344.64,46584.07,46936.23
1628971200.0,4874345.199847926,47066.32,47204.93,46341.48,47038.76
1628985600.0,6567203.047417088,46881.87,47376.75,46805.78,47078.14
1629000000.0,8670525.933994964,45741.96,46892.9,45616.25,46873.76
1629014400.0,6686808.272502861,45927.27,46146.77,45568.33,45741.97
1629028800.0,5744704.973173722,46168.36,46499.99,45500.35,45927.26
1629043200.0,5279295.553698166,46337.07,46450.0,45650.08,46168.36
1629057600.0,6912426.8782712,46974.19,47289.15,46259.8,46337.33
1629072000.0,10139144.71177502,47353.59,48040.71,46779.67,46972.67
1629086400.0,4382645.81515008,47292.61,47698.71,47202.45,47353.3
1629100800.0,4235622.1483457,47512.8,47643.45,47000.0,47294.09
1629115200.0,11360391.736729367,46346.46,47717.2,45963.22,47516.93
1629129600.0,5348812.490294913,46076.6,46650.99,46076.14,46344.35
1629144000.0,4728693.391135043,45897.5,46330.74,45664.0,46082.04
1629158400.0,5411830.476528339,46418.68,46611.0,45252.23,45897.57
1629172800.0,4130375.66110324,45934.14,46595.67,45646.0,46419.25
1629187200.0,6962126.20518587,46852.99,47151.42,45891.76,45953.71
1629201600.0,9163171.614229737,45722.71,47075.36,45662.52,46854.15
1629216000.0,8381238.6480644075,45467.47,46196.58,45302.0,45725.85
1629230400.0,7800774.591144987,44675.28,45547.84,44403.02,45468.38
1629244800.0,7887785.908881692,45053.1,45132.81,44220.11,44685.69
1629259200.0,3463776.8957098653,44969.56,45490.0,44868.42,45059.8
1629273600.0,4387949.831661348,44741.19,45551.0,44657.48,44951.27
1629288000.0,5879765.875349038,45818.94,45825.18,44651.11,44748.13
1629302400.0,8657264.385251973,44901.74,46006.3,44785.26,45822.41
1629316800.0,4853560.561716318,44717.33,45180.0,44420.0,44902.07
1629331200.0,5778820.190512887,44052.6,45218.84,44051.07,44719.16
1629345600.0,5775572.4603106035,44651.0,44651.0,43939.39,44061.08
1629360000.0,5473378.328044419,44213.36,44958.23,44198.76,44655.52
1629374400.0,6721309.177590801,45779.33,45791.66,44133.24,44219.98
1629388800.0,8914503.180571096,46720.22,46750.0,45411.01,45784.45
1629403200.0,4685657.234560974,46762.33,47041.0,46356.17,46720.06
1629417600.0,6023777.429242631,47053.14,47421.31,46634.56,46763.43
1629432000.0,5406471.242847864,46832.67,47234.0,46719.52,47054.07
1629446400.0,6493364.949656581,46927.15,47346.74,46724.17,46830.93
1629460800.0,12665385.427057825,48716.66,48716.74,46888.66,46926.66
1629475200.0,6193996.782225801,48682.54,49094.9,48301.0,48716.73
1629489600.0,4704514.779574645,49319.72,49377.0,48609.58,48682.55
1629504000.0,4834490.059025641,48824.0,49358.52,48690.35,49320.91
1629518400.0,3391718.301443622,48943.88,48979.57,48561.0,48825.22
1629532800.0,7215611.674038679,48498.49,49395.0,48247.96,48948.84
1629547200.0,6524181.317930328,49181.85,49404.22,48453.38,48511.74
1629561600.0,6378472.310296973,48983.36,49775.87,48785.05,49181.38
1629576000.0,3776617.3358647926,48832.14,49381.67,48826.31,48983.56
1629590400.0,2882406.7693927498,48803.56,49152.52,48611.0,48831.33
1629604800.0,2750048.9025778337,49189.2,49260.99,48789.1,48789.1
1629619200.0,3135030.050380586,49128.45,49469.48,48914.18,49189.23
1629633600.0,6265416.44254997,48521.0,49200.0,48065.0,49129.5
1629648000.0,3019484.6845948067,48649.53,48844.41,48191.0,48524.49
1629662400.0,4194034.0804475723,49243.79,49489.91,48252.0,48655.65
1629676800.0,9953307.668415887,50257.92,50352.48,49081.91,49244.59
1629691200.0,7021235.493350409,50134.0,50400.0,49977.41,50258.05
1629705600.0,6067354.792601948,50398.01,50501.0,49992.19,50134.21
1629720000.0,7501822.205663891,49540.12,50454.54,49321.01,50398.03
1629734400.0,5727335.198134355,49242.76,49787.1,49090.9,49541.04
1629748800.0,3607093.6743638134,49496.05,49718.44,49034.7,49240.9
1629763200.0,4729535.486069268,49334.4,49680.99,48775.29,49486.61
1629777600.0,4790549.973483115,49778.3,49850.99,49173.09,49337.41
1629792000.0,4423901.953369893,49431.31,49835.61,49075.01,49776.48
1629806400.0,7470675.0602475945,48314.19,49439.79,48217.14,49432.05
1629820800.0,7401410.706025851,48239.54,48411.86,47756.41,48314.4
1629835200.0,3522260.2551692114,47702.94,48398.9,47590.48,48239.55
1629849600.0,4376764.903410674,47973.71,48285.62,47660.43,47674.4
1629864000.0,3413211.648697768,48148.28,48596.61,47899.35,47971.91
1629878400.0,7679473.587176745,47566.9,48169.41,47130.62,48146.45
1629892800.0,5232329.691334912,48804.82,48848.48,47337.43,47571.87
1629907200.0,3444097.148458771,48652.13,49153.84,48515.28,48806.13
1629921600.0,3199221.2144557936,48979.86,49243.83,48606.66,48650.73
1629936000.0,3380333.449936313,47915.85,49356.8,47849.17,48979.86
1629950400.0,9709100.647082355,46886.52,48041.0,46578.94,47915.84
1629964800.0,3959391.526129768,46841.96,47199.31,46715.53,46886.52
1629979200.0,6937499.239057106,46792.69,47419.35,46259.82,46837.58
1629993600.0,3169103.6029148013,46941.95,47108.15,46500.0,46796.66
1630008000.0,2874248.882160302,46835.66,47429.49,46821.71,46940.71
1630022400.0,5467134.366764827,46814.42,47653.1,46351.21,46839.9
1630036800.0,4401273.653505748,47476.25,47522.25,46580.09,46816.1
1630051200.0,3961533.2651585666,47450.01,47768.64,46991.37,47471.1
1630065600.0,6076110.795927778,48180.5,48427.44,47043.1,47451.61
1630080000.0,2482112.158664467,48297.81,48529.3,47981.01,48180.51
1630094400.0,3460073.7794759325,49055.81,49131.35,48166.66,48297.82
1630108800.0,3162645.7223670906,48844.345,49278.55,48837.69,49055.81
1630123200.0,2557817.065188681,48939.2,49070.98,48636.91,48847.83
1630137600.0,2900280.021275511,48677.16,49059.29,48643.76,48939.2
1630152000.0,3819045.547660428,48799.41,48978.87,48351.01,48674.93
1630166400.0,2829290.4900819017,48651.93,49156.36,48501.01,48800.0
1630180800.0,1430304.801630918,48884.23,48975.44,48579.4,48652.6
1630195200.0,5771768.508431978,48222.12,49625.0,48072.33,48887.57
1630209600.0,3346486.961567562,48489.55,48571.42,47772.15,48222.76
1630224000.0,2376644.381499274,48146.64,48646.05,48145.66,48480.78
1630238400.0,2572383.2021182347,48472.46,48540.86,48111.01,48161.26
1630252800.0,1935312.2861530988,48788.47,48861.0,48336.1,48478.73
1630267200.0,3645299.7755757193,48754.03,49378.16,48388.27,48800.24
1630281600.0,3137818.446400398,47961.17,48873.88,47812.51,48754.03
1630296000.0,3911938.6180637875,47941.72,48132.77,47632.65,47961.04
1630310400.0,2731184.7300849385,47903.07,48199.99,47639.0,47939.91
1630324800.0,3988609.7844986324,48012.31,48083.83,47380.0,47903.32
1630339200.0,2892316.429872136,48619.99,48620.68,47955.23,48012.480768
1630353600.0,5614544.925728244,46983.05,48691.0,46864.39,48619.99
1630368000.0,4062295.5941377035,47149.38,47206.733855,46701.01,46985.25
1630382400.0,3492681.9852158558,47762.18,47888.88,46834.06,47149.4
1630396800.0,3839495.731006104,47969.51,48062.19,47145.1,47762.19
1630411200.0,5382949.311681476,47401.59,48227.83,47187.51,47976.82
1630425600.0,3282520.437599354,47300.01,47568.95,47010.0,47402.66
1630440000.0,4079180.4015698144,47112.83,47337.96,46764.01,47300.18
1630454400.0,4383815.074351633,47041.63,47316.97,46524.76,47112.83
1630468800.0,3335551.117465103,47179.68,47475.61,46975.34,47043.65
1630483200.0,3817511.662754006,47721.73,47757.94,47123.28,47174.728248
1630497600.0,4167494.5384148797,47486.14,47829.28,47277.82,47720.73
1630512000.0,8606954.75727508,48144.13,49118.24,47394.37,47486.26
1630526400.0,3218985.700575214,48814.84,48861.0,48102.36,48144.12
1630540800.0,7580366.120611986,49552.88,49860.0,48597.12,48816.42
1630555200.0,9680674.43580021,49854.95,50355.41,49306.93,49555.38
1630569600.0,5160242.14561231,50070.04,50186.36,49691.0,49850.01
1630584000.0,6858736.39740377,49540.45,50349.69,49282.25,50070.01
1630598400.0,3343601.3488937956,49332.02,49740.99,49200.0,49537.91
1630612800.0,3156355.2453558384,49253.05,49827.0,49236.43,49337.54
1630627200.0,5459955.485948472,49476.21,49500.0,48343.79,49250.08
1630641600.0,3547305.7061108174,49295.54,49736.21,49223.49,49488.22
1630656000.0,9237913.696870748,50167.7,50491.35,49256.0,49299.45
1630670400.0,12217020.287032863,50563.09,51013.61,49901.01,50172.85
1630684800.0,3148742.5947704865,50529.93,50721.07,50225.68,50563.1
1630699200.0,4837803.772219726,49996.68,50529.94,49577.88,50529.94
1630713600.0,3948344.5498536727,50276.97,50350.0,49583.86,49996.371352928
1630728000.0,2796428.496828328,50187.97,50457.14,50114.02,50276.99
1630742400.0,4387835.262700609,49904.02,50529.05,49691.12,50187.72
1630756800.0,3546372.529279306,49873.87,50308.69,49754.24,49900.06
1630771200.0,4071254.47713012,49978.37,50034.81,49374.029374,49875.0
1630785600.0,2765633.2846634937,49909.24,50254.22,49725.57,49970.85
1630800000.0,4077372.484947971,49675.69,50287.07,49665.85,49909.26
1630814400.0,2167278.1408340014,49854.75,50030.14,49461.0,49672.56
1630828800.0,5036267.458001422,50190.71,50375.05,49812.29,49854.88
1630843200.0,4545782.848223389,50199.99,50470.57,50009.85,50192.88
1630857600.0,4472511.254835073,50676.59,50868.22,50115.46,50200.0
1630872000.0,8585560.143608257,51756.15,51875.0,50634.34,50676.9
1630886400.0,3926819.686993209,51581.9,51934.99,51454.54,51756.16
1630900800.0,3295552.2826517373,51788.75,51992.02,51550.0,51581.9
1630915200.0,6094846.635931101,51372.89,52179.19,51301.0,51788.76
1630929600.0,7131914.480764867,51594.87,51714.27,50977.27,51391.55
1630944000.0,3729041.8823525836,51711.99,52030.6,51478.27,51594.88
1630958400.0,4995754.880228514,52663.69,52758.62,51641.26,51712.0
1630972800.0,5005660.074674168,52646.68,52905.44,52363.75,52663.69
1630987200.0,3814136.951838809,52332.3,52718.74,52062.51,52646.69
1631001600.0,11940717.57096792,50937.78,52347.9,50500.0,52337.81
1631016000.0,42056835.7723397,46667.493332,51100.01,42879.32,50938.01
1631030400.0,14601703.385523979,46686.666687,47522.49,45941.0,46667.49
1631044800.0,7016066.65179244,46850.03685,47166.65,46093.29,46686.74
1631059200.0,5122905.041023339,46451.8,47345.08,46248.0,46854.86
1631073600.0,9629219.357103465,45062.11,46818.18,45023.13,46451.81
1631088000.0,10361721.866682056,46400.01,46766.88,44423.72,45063.83
1631102400.0,7951954.35405474,46073.32,46831.07,45631.42,46403.91
1631116800.0,4479369.554139323,46436.88,46524.25,45865.07,46073.74
1631131200.0,5844357.80849971,46056.91,46778.83,45837.36,46437.15
1631145600.0,5575959.21619632,46003.77,46350.55,45545.96,46056.9
1631160000.0,4806791.7346517565,46282.01,46347.19,45892.41,46003.93
1631174400.0,5792714.099559557,46298.0,46545.43,45904.75,46282.02
1631188800.0,9753893.122464733,46994.61,47226.26,45621.05,46298.0
1631203200.0,4624673.058695925,46576.6,47378.18,46475.0,46999.07
1631217600.0,3698728.9482031283,46390.09,46633.82,46071.01,46571.77
1631232000.0,3177821.8235056004,46708.12,47022.21,46267.58,46391.79
1631246400.0,4842959.724953474,46163.62,46812.5,45900.0,46708.13
1631260800.0,7013924.649123121,46334.1699,46378.37,45655.15,46165.19
1631275200.0,14029413.22046807,45413.9801,46477.04,44749.0,46333.54
1631289600.0,4875100.03113067,45646.0,45810.56,45316.0,45413.99
1631304000.0,7254389.668361301,44850.03495,45820.9901,44119.14,45646.0
1631318400.0,5026652.3084226735,45175.87,45475.7801,44731.01,44850.04
1631332800.0,4294085.350305999,45032.0,45452.07,44786.69,45175.87
1631347200.0,4651629.052444942,45554.0,45715.6199,44842.0,45034.0
1631361600.0,4333186.538390291,45565.9801,45773.46,45394.89,45552.01
1631376000.0,3856120.3993859934,45364.0099,45978.19,45292.75,45565.9801
1631390400.0,4143770.802228235,45163.9901,45444.97,44985.0299,45364.01
1631404800.0,3958455.3615724454,45316.15,45334.0,44744.01,45164.0
1631419200.0,3004662.9055131027,45355.001,45485.9901,45055.01,45316.01
1631433600.0,6994224.100859801,46068.0,46188.99,45309.0,45355.001
1631448000.0,4470079.995547352,45905.0,46252.91,45743.7,46069.0
1631462400.0,3741230.8385273283,45901.0,46104.19,45776.0,45904.02
1631476800.0,6975190.140800487,46026.86,46433.56,44911.0,45900.14
1631491200.0,7444085.354625406,44618.5,46272.52,44569.69,46030.38
1631505600.0,9653121.741363717,44475.6,44963.93,44171.09,44620.06
1631520000.0,8353412.3811924495,44862.0,44909.4,44177.21,44469.38
1631534400.0,24799954.944171436,44357.0,46863.12,43403.88,44861.11
1631548800.0,6092134.547295427,44745.999,44804.99,44177.08,44358.0
1631563200.0,4721352.976313079,44939.991,45504.2,44745.998,44745.999
1631577600.0,5403047.886978381,45189.609,45346.93,44647.06,44940.0
1631592000.0,4761070.670408119,45724.38,45882.84,45053.0,45189.6
1631606400.0,5209714.125356193,45964.991,46169.18,45684.001,45722.15
1631620800.0,12934374.086000592,46746.991,46946.2,45760.0,45965.0
1631635200.0,7229443.429989248,46464.992,46868.679,46340.69,46747.0
